<assembly
  xmlns="http://maven.apache.org/plugins/maven-assembly-plugin/assembly/1.1.2"
  xmlns:xsi="http://www.w3.org/2001/XMLSchema-instance"
  xsi:schemaLocation="http://maven.apache.org/plugins/maven-assembly-plugin/assembly/1.1.2 http://maven.apache.org/xsd/assembly-1.1.2.xsd">

  <id>dycg-agent</id>
  <formats>
    <format>jar</format>
  </formats>
  <includeBaseDirectory>false</includeBaseDirectory>

  <dependencySets>
    <dependencySet>
      <unpack>true</unpack>
      <includes>
        <include>javassist:javassist</include>
      </includes>
      <scope>provided</scope>
    </dependencySet>
  </dependencySets>
  <fileSets>
    <fileSet>
      <includes>
        <include>**/*.class</include>
      </includes>
      <directory>target/classes</directory>
      <outputDirectory>/</outputDirectory>
    </fileSet>
  </fileSets>
</assembly>
